New York City, NY
Los Angeles, CA
Chicago, IL
Houston, TX
Phoenix, AZ
Philadelphia, PA
San Antonio, TX
San Diego, CA
Dallas, TX
San Jose, CA
Austin, TX
Jacksonville, FL
Fort Worth, TX
Columbus, OH
San Francisco, CA
Charlotte, NC
Indianapolis, IN
Seattle, WA
Denver, CO
Washington D.C.
Boston, MA
El Paso, TX
Detroit, MI
Nashville, TN
Portland, OR
Memphis, TN
Oklahoma City, OK
Las Vegas, NV
Louisville, KY
Baltimore, MD
Milwaukee, WI
Albuquerque, NM
Tucson, AZ
Fresno, CA
Mesa, AZ
Sacramento, CA
Atlanta, GA
Kansas City, MO
Colorado Springs, CO
Miami, FL
Raleigh, NC
Omaha, NE
Long Beach, CA
Virginia Beach, VA
Oakland, CA
Minneapolis, MN
Tulsa, OK
Arlington, TX
Tampa, FL
New Orleans, LA
Wichita, KS
Cleveland, OH
Bakersfield, CA
Aurora, CO
Anaheim, CA
Honolulu, HI
Santa Ana, CA
Riverside, CA
Corpus Christi, TX
Lexington, KY
Stockton, CA
Henderson, NV
Saint Paul, MN
St. Louis, MO
Cincinnati, OH
Pittsburgh, PA
Greensboro, NC
Anchorage, AK
Plano, TX
Lincoln, NE
Orlando, FL
Irvine, CA
Newark, NJ
Toledo, OH
Durham, NC
Chula Vista, CA
Fort Wayne, IN
Jersey City, NJ
St. Petersburg, FL
Laredo, TX
Madison, WI
Chandler, AZ
Buffalo, NY
Lubbock, TX
Scottsdale, AZ
Reno, NV
Glendale, AZ
Gilbert, AZ
Winston–Salem, NC
North Las Vegas, NV
Norfolk, VA
Chesapeake, VA
Garland, TX
Irving, TX
Hialeah, FL
Fremont, CA
Boise, ID
Richmond, VA
Baton Rouge, LA
Spokane, WA
Des Moines, IA
Tacoma, WA
San Bernardino, CA
Modesto, CA
Fontana, CA
Santa Clarita, CA
Birmingham, AL
Oxnard, CA
Fayetteville, NC
Moreno Valley, CA
Rochester, NY
Glendale, CA
Huntington Beach, CA
Salt Lake City, UT
Grand Rapids, MI
Amarillo, TX
Yonkers, NY
Aurora, IL
Montgomery, AL
Akron, OH
Little Rock, AR
Huntsville, AL
Augusta, GA
Port St. Lucie, FL
Grand Prairie, TX
Columbus, GA
Tallahassee, FL
Overland Park, KS
Tempe, AZ
McKinney, TX
Mobile, AL
Cape Coral, FL
Shreveport, LA
Frisco, TX
Knoxville, TN
Worcester, MA
Brownsville, TX
Vancouver, WA
Fort Lauderdale, FL
Sioux Falls, SD
Ontario, CA
Chattanooga, TN
Providence, RI
Newport News, VA
Rancho Cucamonga, CA
Santa Rosa, CA
Oceanside, CA
Salem, OR
Elk Grove, CA
Garden Grove, CA
Pembroke Pines, FL
Peoria, AZ
Eugene, OR
Corona, CA
Cary, NC
Springfield, MO
Fort Collins, CO
Jackson, MS
Alexandria, VA
Hayward, CA
Lancaster, CA
Lakewood, CO
Clarksville, TN
Palmdale, CA
Salinas, CA
Springfield, MA
Hollywood, FL
Pasadena, TX
Sunnyvale, CA
Macon, GA
Kansas City, KS
Pomona, CA
Escondido, CA
Killeen, TX
Naperville, IL
Joliet, IL
Bellevue, WA
Rockford, IL
Savannah, GA
Paterson, NJ
Torrance, CA
Bridgeport, CT
McAllen, TX
Mesquite, TX
Syracuse, NY
Midland, TX
Pasadena, CA
Murfreesboro, TN
Miramar, FL
Dayton, OH
Fullerton, CA
Olathe, KS
Orange, CA
Thornton, CO
Roseville, CA
Denton, TX
Waco, TX
Surprise, AZ
Carrollton, TX
West Valley City, UT
